<?xml version="1.0" encoding="UTF-8" ?>
<SpaceEvalTaskv1.2>
<TEXT><![CDATA[        Ginza
        Tokyo’s best-known district is named after a silver mint
        originally located here. Once the epitome of chic, Ginza has lost many
        of its smartest young shoppers to the fashion boutiques of districts
        like Aoyama and Omote-sando, but the area is still fascinating.
        The windows of such department stores as Wako and
        Mitsukoshi are works of art. Inside, there’s more art: all the major
        department stores project themselves as bastions of culture,
        maintaining their own galleries and mounting frequent world-class
        exhibitions of prints, painting, pottery, and sculpture. Downstairs you
        can find still more “art” — to Western eyes at least — in the
        astonishing basement gourmet food displays. (The basement is also a
        good place for cheaper snacks than you’ll find in the street-level
        restaurants. )
        Running roughly north–south through Ginza from the corner
        of Hibiya Park all the way to Tokyo Bay is the broad avenue called
        Harumi-dori. Taking a stroll down the avenue is such a national
        institution that there’s even a colloquial expression for it: gin-bura.
        Just south of Ginza itself, as you walk toward the bay, you see on your
        left the red lanterns and long banners of the Kabuki-za, home base for
        that most thrilling and colorful form of traditional Japanese drama.
        The first kabuki theater was built in on this site in 1889. Designed to
        invoke the castle architecture of the Tokugawa period, the theater was
        destroyed in an air raid in World War II and rebuilt in 1951.
        Still farther south is the Tsukiji Central Wholesale
        Market — the largest fish market in Asia. Some 1,600 wholesale dealers
        do business here, supplying 90 percent of the fish consumed in Tokyo
        every day. Get here very early (5am is ideal) to see the tuna auctions
        and enjoy the orchestrated pandemonium of the market at its finest.
        From here, you could walk to the lovely Hama Rikyu Detached Palace
        Garden. Originally a Tokugawa family estate, the garden became a public
        park in 1945. The path to the left as you enter leads to the ferry
        landing, where the “river buses” depart for their journeys up the
        Sumida River to Asakusa.
]]></TEXT>
<TAGS>
<PLACE comment="" continent="" countable="TRUE" country="" ctv="" dcl="FALSE" dimensionality="AREA" domain="" elevation="" end="1022" form="NAM" gazref="" gquant="" id="pl22" latLong="" mod="" scopes="" start="1013" state="" text="Tokyo Bay" type=""/>
<PLACE comment="" continent="" countable="TRUE" country="" ctv="" dcl="FALSE" dimensionality="AREA" domain="" elevation="" end="110" form="NOM" gazref="" gquant="" id="pl4" latLong="" mod="" scopes="" start="106" state="" text="here" type=""/>
<PLACE comment="" continent="" countable="TRUE" country="" ctv="" dcl="FALSE" dimensionality="VOLUME" domain="" elevation="" end="1229" form="NAM" gazref="" gquant="" id="pl23" latLong="" mod="" scopes="" start="1224" state="" text="Ginza" type=""/>
<PLACE comment="" continent="" countable="TRUE" country="" ctv="" dcl="FALSE" dimensionality="VOLUME" domain="" elevation="" end="1264" form="NOM" gazref="" gquant="" id="pl24" latLong="" mod="" scopes="" start="1261" state="" text="bay" type=""/>
<PLACE comment="" continent="" countable="TRUE" country="" ctv="" dcl="FALSE" dimensionality="VOLUME" domain="" elevation="" end="1294" form="NOM" gazref="" gquant="" id="pl25" latLong="" mod="" scopes="" start="1290" state="" text="left" type=""/>
<PLACE comment="" continent="" countable="TRUE" country="" ctv="" dcl="FALSE" dimensionality="VOLUME" domain="" elevation="" end="1345" form="NAM" gazref="" gquant="" id="pl26" latLong="" mod="" scopes="" start="1336" state="" text="Kabuki-za" type=""/>
<PLACE comment="" continent="" countable="TRUE" country="" ctv="" dcl="FALSE" dimensionality="POINT" domain="" elevation="" end="143" form="NAM" gazref="" gquant="" id="pl5" latLong="" mod="" scopes="" start="138" state="" text="Ginza" type=""/>
<PLACE comment="" continent="" countable="TRUE" country="" ctv="" dcl="FALSE" dimensionality="VOLUME" domain="" elevation="" end="1496" form="NOM" gazref="" gquant="" id="pl27" latLong="" mod="" scopes="" start="1492" state="" text="site" type=""/>
<PLACE comment="" continent="" countable="TRUE" country="" ctv="" dcl="FALSE" dimensionality="AREA" domain="" elevation="" end="1742" form="NAM" gazref="" gquant="" id="pl28" latLong="" mod="" scopes="" start="1702" state="" text="Tsukiji Central Wholesale         Market" type=""/>
<PLACE comment="" continent="" countable="TRUE" country="" ctv="" dcl="FALSE" dimensionality="AREA" domain="" elevation="" end="1768" form="NOM" gazref="" gquant="" id="pl29" latLong="" mod="largest" scopes="" start="1762" state="" text="market" type=""/>
<PLACE comment="" continent="" countable="TRUE" country="" ctv="" dcl="FALSE" dimensionality="AREA" domain="" elevation="" end="1776" form="NAM" gazref="" gquant="" id="pl30" latLong="" mod="" scopes="" start="1772" state="" text="Asia" type=""/>
<PLACE comment="" continent="" countable="TRUE" country="" ctv="" dcl="FALSE" dimensionality="AREA" domain="" elevation="" end="1831" form="NOM" gazref="" gquant="" id="pl31" latLong="" mod="" scopes="" start="1827" state="" text="here" type=""/>
<PLACE comment="" continent="" countable="TRUE" country="" ctv="" dcl="FALSE" dimensionality="AREA" domain="" elevation="" end="1883" form="NAM" gazref="" gquant="" id="pl32" latLong="" mod="" scopes="" start="1878" state="" text="Tokyo" type=""/>
<PLACE comment="" continent="" countable="TRUE" country="" ctv="" dcl="FALSE" dimensionality="AREA" domain="" elevation="" end="1911" form="NOM" gazref="" gquant="" id="pl33" latLong="" mod="" scopes="" start="1907" state="" text="here" type=""/>
<PLACE comment="" continent="" countable="TRUE" country="" ctv="" dcl="FALSE" dimensionality="AREA" domain="" elevation="" end="2056" form="NOM" gazref="" gquant="" id="pl34" latLong="" mod="" scopes="" start="2052" state="" text="here" type=""/>
<PLACE comment="" continent="" countable="TRUE" country="" ctv="" dcl="FALSE" dimensionality="AREA" domain="" elevation="" end="2128" form="NAM" gazref="" gquant="" id="pl35" latLong="" mod="" scopes="" start="2087" state="" text="Hama Rikyu Detached Palace         Garden" type=""/>
<PLACE comment="" continent="" countable="TRUE" country="" ctv="" dcl="FALSE" dimensionality="AREA" domain="" elevation="" end="221" form="NOM" gazref="" gquant="" id="pl6" latLong="" mod="" scopes="" start="212" state="" text="boutiques" type=""/>
<PLACE comment="" continent="" countable="TRUE" country="" ctv="" dcl="FALSE" dimensionality="AREA" domain="" elevation="" end="2165" form="NOM" gazref="" gquant="" id="pl36" latLong="" mod="" scopes="" start="2159" state="" text="estate" type=""/>
<PLACE comment="" continent="" countable="TRUE" country="" ctv="" dcl="FALSE" dimensionality="AREA" domain="" elevation="" end="2177" form="NOM" gazref="" gquant="" id="pl37" latLong="" mod="" scopes="" start="2171" state="" text="garden" type=""/>
<PLACE comment="" continent="" countable="TRUE" country="" ctv="" dcl="FALSE" dimensionality="AREA" domain="" elevation="" end="27" form="NAM" gazref="" gquant="" id="pl1" latLong="" mod="" scopes="" start="22" state="" text="Tokyo" type=""/>
<PLACE comment="" continent="" countable="TRUE" country="" ctv="" dcl="FALSE" dimensionality="AREA" domain="" elevation="" end="234" form="NOM" gazref="" gquant="" id="pl7" latLong="" mod="" scopes="" start="225" state="" text="districts" type=""/>
<PLACE comment="" continent="" countable="TRUE" country="" ctv="" dcl="FALSE" dimensionality="AREA" domain="" elevation="" end="2284" form="NOM" gazref="" gquant="" id="pl39" latLong="" mod="" scopes="" start="2277" state="" text="landing" type=""/>
<PLACE comment="" continent="" countable="TRUE" country="" ctv="" dcl="FALSE" dimensionality="AREA" domain="" elevation="" end="2374" form="NAM" gazref="" gquant="" id="pl40" latLong="" mod="" scopes="" start="2367" state="" text="Asakusa" type=""/>
<PLACE comment="" continent="" countable="TRUE" country="" ctv="" dcl="FALSE" dimensionality="AREA" domain="" elevation="" end="254" form="NAM" gazref="" gquant="" id="pl8" latLong="" mod="" scopes="" start="248" state="" text="Aoyama" type=""/>
<PLACE comment="" continent="" countable="TRUE" country="" ctv="" dcl="FALSE" dimensionality="AREA" domain="" elevation="" end="270" form="NAM" gazref="" gquant="" id="pl9" latLong="" mod="" scopes="" start="259" state="" text="Omote-sando" type=""/>
<PLACE comment="" continent="" countable="TRUE" country="" ctv="" dcl="FALSE" dimensionality="POINT" domain="" elevation="" end="284" form="NOM" gazref="" gquant="" id="pl10" latLong="" mod="" scopes="" start="280" state="" text="area" type=""/>
<PLACE comment="" continent="" countable="TRUE" country="" ctv="" dcl="FALSE" dimensionality="AREA" domain="" elevation="" end="352" form="NOM" gazref="" gquant="" id="pl11" latLong="" mod="" scopes="" start="346" state="" text="stores" type=""/>
<PLACE comment="" continent="" countable="TRUE" country="" ctv="" dcl="FALSE" dimensionality="AREA" domain="" elevation="" end="360" form="NAM" gazref="" gquant="" id="pl12" latLong="" mod="" scopes="" start="356" state="" text="Wako" type=""/>
<PLACE comment="" continent="" countable="TRUE" country="" ctv="" dcl="FALSE" dimensionality="AREA" domain="" elevation="" end="383" form="NAM" gazref="" gquant="" id="pl13" latLong="" mod="" scopes="" start="373" state="" text="Mitsukoshi" type=""/>
<PLACE comment="" continent="" countable="TRUE" country="" ctv="" dcl="FALSE" dimensionality="AREA" domain="" elevation="" end="49" form="NOM" gazref="" gquant="" id="pl2" latLong="" mod="" scopes="" start="41" state="" text="district" type=""/>
<PLACE comment="" continent="" countable="TRUE" country="" ctv="" dcl="FALSE" dimensionality="AREA" domain="" elevation="" end="467" form="NOM" gazref="" gquant="" id="pl14" latLong="" mod="" scopes="" start="461" state="" text="stores" type=""/>
<PLACE comment="" continent="" countable="FALSE" country="" ctv="" dcl="FALSE" dimensionality="AREA" domain="" elevation="" end="660" form="NOM" gazref="" gquant="" id="pl15" latLong="" mod="" scopes="" start="650" state="" text="Downstairs" type=""/>
<PLACE comment="" continent="" countable="TRUE" country="" ctv="" dcl="FALSE" dimensionality="AREA" domain="" elevation="" end="78" form="NOM" gazref="" gquant="" id="pl3" latLong="" mod="" scopes="" start="74" state="" text="mint" type=""/>
<PLACE comment="" continent="" countable="TRUE" country="" ctv="" dcl="FALSE" dimensionality="AREA" domain="" elevation="" end="800" form="NOM" gazref="" gquant="" id="pl16" latLong="" mod="" scopes="" start="792" state="" text="basement" type=""/>
<PLACE comment="" continent="" countable="TRUE" country="" ctv="" dcl="FALSE" dimensionality="POINT" domain="" elevation="" end="13" form="NAM" gazref="" gquant="" id="pl0" latLong="" mod="" scopes="" start="8" state="" text="Ginza" type=""/>
<PLACE comment="" continent="" countable="TRUE" country="" ctv="" dcl="FALSE" dimensionality="AREA" domain="" elevation="" end="829" form="NOM" gazref="" gquant="" id="pl17" latLong="" mod="" scopes="" start="824" state="" text="place" type=""/>
<PLACE comment="" continent="" countable="TRUE" country="" ctv="" dcl="FALSE" dimensionality="VOLUME" domain="" elevation="" end="905" form="NOM" gazref="" gquant="" id="pl18" latLong="" mod="street-level" scopes="" start="894" state="" text="restaurants" type=""/>
<PLACE comment="" continent="" countable="TRUE" country="" ctv="" dcl="FALSE" dimensionality="AREA" domain="" elevation="" end="958" form="NAM" gazref="" gquant="" id="pl19" latLong="" mod="" scopes="" start="953" state="" text="Ginza" type=""/>
<PLACE comment="" continent="" countable="TRUE" country="" ctv="" dcl="FALSE" dimensionality="AREA" domain="" elevation="" end="974" form="NOM" gazref="" gquant="" id="pl20" latLong="" mod="" scopes="" start="968" state="" text="corner" type=""/>
<PLACE comment="" continent="" countable="TRUE" country="" ctv="" dcl="FALSE" dimensionality="AREA" domain="" elevation="" end="997" form="NAM" gazref="" gquant="" id="pl21" latLong="" mod="" scopes="" start="986" state="" text="Hibiya Park" type=""/>
<PLACE comment="The landmark that [art, se33] is related to in 'Inside, there’s more art: all the major         department stores project themselves as bastions of culture,         maintaining their own galleries and mounting frequent world-class         exhibitions of prints, painting, pottery, and sculpture.'" continent="" countable="TRUE" country="" ctv="" dcl="FALSE" dimensionality="AREA" domain="" elevation="" end="-1" form="NOM" gazref="" gquant="" id="pl41" latLong="" mod="" scopes="" start="-1" state="" text="" type=""/>
<PLACE comment="The landmark that is south of [Tsukiji Central Wholesale Market, pl28] in ' Still farther south is the Tsukiji Central Wholesale         Market — the largest fish market in Asia.'" continent="" countable="TRUE" country="" ctv="" dcl="FALSE" dimensionality="AREA" domain="" elevation="" end="-1" form="NOM" gazref="" gquant="" id="pl42" latLong="" mod="" scopes="" start="-1" state="" text="" type=""/>
<PLACE comment="" continent="" countable="TRUE" country="" ctv="" dcl="FALSE" dimensionality="AREA" domain="" elevation="" end="1356" form="NOM" gazref="" gquant="" id="pl43" latLong="" mod="" scopes="" start="1352" state="" text="base" type=""/>
<PLACE comment="The source for [depart, m29] in ''" continent="" countable="" country="" ctv="" dcl="FALSE" dimensionality="" domain="" elevation="" end="-1" form="" gazref="" gquant="" id="pl44" latLong="" mod="" scopes="" start="-1" state="" text="" type=""/>
<PATH beginID="pl20" comment="" countable="TRUE" dcl="FALSE" dimensionality="AREA" domain="" elevation="" end="1042" endID="pl22" form="NOM" gazref="" gquant="" id="p4" latLong="" midIDs="" mod="broad" scopes="" start="1036" text="avenue" type=""/>
<PATH beginID="" comment="" countable="TRUE" dcl="FALSE" dimensionality="AREA" domain="" elevation="" end="1069" endID="" form="NAM" gazref="" gquant="" id="p6" latLong="" midIDs="" mod="" scopes="" start="1058" text="Harumi-dori" type=""/>
<PATH beginID="" comment="" countable="TRUE" dcl="FALSE" dimensionality="AREA" domain="" elevation="" end="1102" endID="" form="NOM" gazref="" gquant="" id="p13" latLong="" midIDs="" mod="" scopes="" start="1096" text="avenue" type=""/>
<PATH beginID="" comment="" countable="TRUE" dcl="FALSE" dimensionality="AREA" domain="" elevation="" end="2224" endID="" form="NOM" gazref="" gquant="" id="p7" latLong="" midIDs="" mod="" scopes="" start="2220" text="path" type=""/>
<PATH beginID="" comment="" countable="TRUE" dcl="FALSE" dimensionality="AREA" domain="" elevation="" end="2363" endID="" form="NOM" gazref="" gquant="" id="p8" latLong="" midIDs="" mod="" scopes="" start="2351" text="Sumida River" type=""/>
<PATH beginID="" comment="" countable="TRUE" dcl="FALSE" dimensionality="LINE" domain="" elevation="" end="1009" endID="" form="NOM" gazref="" gquant="" id="p0" latLong="" midIDs="" mod="" scopes="" start="1006" text="way" type=""/>
<SPATIAL_ENTITY comment="" countable="TRUE" dcl="FALSE" dimensionality="AREA" domain="" elevation="" end="1244" form="NOM" gquant="" id="se61" latLong="" mod="" scopes="" start="1241" text="you" type=""/>
<SPATIAL_ENTITY comment="" countable="TRUE" dcl="FALSE" dimensionality="AREA" domain="" elevation="" end="1269" form="NOM" gquant="" id="se62" latLong="" mod="" scopes="" start="1266" text="you" type=""/>
<SPATIAL_ENTITY comment="" countable="TRUE" dcl="FALSE" dimensionality="AREA" domain="" elevation="" end="1311" form="NOM" gquant="" id="se63" latLong="" mod="" scopes="" start="1303" text="lanterns" type=""/>
<SPATIAL_ENTITY comment="" countable="TRUE" dcl="FALSE" dimensionality="AREA" domain="" elevation="" end="1328" form="NOM" gquant="" id="se64" latLong="" mod="long" scopes="" start="1321" text="banners" type=""/>
<SPATIAL_ENTITY comment="" countable="TRUE" dcl="FALSE" dimensionality="AREA" domain="" elevation="" end="2061" form="NOM" gquant="" id="se37" latLong="" mod="" scopes="" start="2058" text="you" type=""/>
<SPATIAL_ENTITY comment="" countable="TRUE" dcl="FALSE" dimensionality="AREA" domain="" elevation="" end="2243" form="NOM" gquant="" id="se38" latLong="" mod="" scopes="" start="2240" text="you" type=""/>
<SPATIAL_ENTITY comment="" countable="TRUE" dcl="FALSE" dimensionality="AREA" domain="" elevation="" end="2308" form="NOM" gquant="" id="se40" latLong="" mod="" scopes="" start="2303" text="buses" type=""/>
<SPATIAL_ENTITY comment="" countable="TRUE" dcl="FALSE" dimensionality="AREA" domain="" elevation="" end="326" form="NOM" gquant="" id="se32" latLong="" mod="" scopes="" start="319" text="windows" type=""/>
<SPATIAL_ENTITY comment="" countable="FALSE" dcl="FALSE" dimensionality="AREA" domain="" elevation="" end="426" form="NOM" gquant="" id="se33" latLong="" mod="" scopes="" start="423" text="art" type=""/>
<SPATIAL_ENTITY comment="" countable="FALSE" dcl="FALSE" dimensionality="AREA" domain="" elevation="" end="697" form="NOM" gquant="" id="se34" latLong="" mod="" scopes="" start="694" text="art" type=""/>
<SPATIAL_ENTITY comment="" countable="TRUE" dcl="FALSE" dimensionality="AREA" domain="" elevation="" end="785" form="NOM" gquant="" id="se35" latLong="" mod="basement" scopes="" start="777" text="displays" type=""/>
<SPATIAL_ENTITY comment="" countable="TRUE" dcl="FALSE" dimensionality="AREA" domain="" elevation="" end="848" form="NOM" gquant="" id="se36" latLong="" mod="" scopes="" start="842" text="snacks" type=""/>
<SPATIAL_ENTITY comment="The set subsuming [lanterns , se63] and [banners , se64] in 'Just south of Ginza itself, as you walk toward the bay, you see on your         left the red lanterns and long banners of the Kabuki-za, home base for         that most thrilling and colorful form of traditional Japanese drama.'" countable="TRUE" dcl="FALSE" dimensionality="VOLUME" domain="" elevation="" end="-1" form="NOM" gquant="" id="se0" latLong="" mod="" scopes="" start="-1" text="" type=""/>
<NONMOTION_EVENT comment="" countable="" domain="" elevation="" end="1480" gquant="" id="e16" latLong="" mod="" scopes="" start="1475" text="built"/>
<NONMOTION_EVENT comment="" countable="FALSE" domain="" elevation="" end="1826" gquant="" id="e0" latLong="" mod="" scopes="" start="1818" text="business"/>
<NONMOTION_EVENT comment="" countable="" domain="" elevation="" end="1874" gquant="" id="e8" latLong="" mod="" scopes="" start="1866" text="consumed"/>
<NONMOTION_EVENT comment="" countable="" domain="" elevation="" end="681" gquant="" id="e318" latLong="" mod="" scopes="" start="677" text="find"/>
<NONMOTION_EVENT comment="" countable="" domain="" elevation="" end="865" gquant="" id="e319" latLong="" mod="" scopes="" start="861" text="find"/>
<MOTION comment="" countable="TRUE" domain="" elevation="" end="1086" gquant="" id="m420" latLong="" mod="" motion_class="FOLLOW" motion_sense="LITERAL" motion_type="COMPOUND" scopes="" start="1080" text="stroll"/>
<MOTION comment="" countable="" domain="" elevation="" end="1249" gquant="" id="m23" latLong="" mod="" motion_class="REACH" motion_sense="LITERAL" motion_type="COMPOUND" scopes="" start="1245" text="walk"/>
<MOTION comment="" countable="" domain="" elevation="" end="1906" gquant="" id="m25" latLong="" mod="" motion_class="REACH" motion_sense="LITERAL" motion_type="PATH" scopes="" start="1903" text="Get"/>
<MOTION comment="" countable="" domain="" elevation="" end="2072" gquant="" id="m26" latLong="" mod="" motion_class="MOVE" motion_sense="LITERAL" motion_type="COMPOUND" scopes="" start="2068" text="walk"/>
<MOTION comment="" countable="" domain="" elevation="" end="2249" gquant="" id="m27" latLong="" mod="" motion_class="REACH" motion_sense="LITERAL" motion_type="PATH" scopes="" start="2244" text="enter"/>
<MOTION comment="" countable="" domain="" elevation="" end="2255" gquant="" id="m28" latLong="" mod="" motion_class="REACH" motion_sense="FICTIVE" motion_type="COMPOUND" scopes="" start="2250" text="leads"/>
<MOTION comment="" countable="" domain="" elevation="" end="2316" gquant="" id="m29" latLong="" mod="" motion_class="LEAVE" motion_sense="LITERAL" motion_type="PATH" scopes="" start="2310" text="depart"/>
<MOTION comment="" countable="TRUE" domain="" elevation="" end="2335" gquant="" id="m30" latLong="" mod="" motion_class="MOVE" motion_sense="LITERAL" motion_type="PATH" scopes="" start="2327" text="journeys"/>
<MOTION comment="" countable="" domain="" elevation="" end="924" gquant="" id="m22" latLong="" mod="" motion_class="MOVE_INTERNAL" motion_sense="FICTIVE" motion_type="COMPOUND" scopes="" start="917" text="Running"/>
<SPATIAL_SIGNAL cluster="" comment="" end="1223" id="s30" semantic_type="DIRECTIONAL" start="1215" text="south of"/>
<SPATIAL_SIGNAL cluster="" comment="" end="1276" id="s0" semantic_type="DIR_TOP" start="1274" text="on"/>
<SPATIAL_SIGNAL cluster="" comment="" end="1486" id="s33" semantic_type="DIR_TOP" start="1484" text="on"/>
<SPATIAL_SIGNAL cluster="" comment="" end="1694" id="s34" semantic_type="DIRECTIONAL" start="1689" text="south"/>
<SPATIAL_SIGNAL cluster="" comment="" end="1771" id="s35" semantic_type="TOPOLOGICAL" start="1769" text="in"/>
<SPATIAL_SIGNAL cluster="" comment="" end="1877" id="s36" semantic_type="TOPOLOGICAL" start="1875" text="in"/>
<SPATIAL_SIGNAL cluster="" comment="" end="2236" id="s37" semantic_type="DIRECTIONAL" start="2225" text="to the left"/>
<SPATIAL_SIGNAL cluster="" comment="" end="2291" id="s38" semantic_type="TOPOLOGICAL" start="2286" text="where"/>
<SPATIAL_SIGNAL cluster="" comment="" end="408" id="s1032" semantic_type="TOPOLOGICAL" start="402" text="Inside"/>
<SPATIAL_SIGNAL cluster="" comment="" end="730" id="s27" semantic_type="TOPOLOGICAL" start="728" text="in"/>
<SPATIAL_SIGNAL cluster="" comment="" end="868" id="s1033" semantic_type="TOPOLOGICAL" start="866" text="in"/>
<MOTION_SIGNAL comment="" end="1012" id="ms22" motion_signal_type="PATH" start="1010" text="to"/>
<MOTION_SIGNAL comment="" end="1091" id="ms23" motion_signal_type="PATH" start="1087" text="down"/>
<MOTION_SIGNAL comment="" end="1256" id="ms24" motion_signal_type="PATH" start="1250" text="toward"/>
<MOTION_SIGNAL comment="" end="2051" id="ms26" motion_signal_type="PATH" start="2047" text="From"/>
<MOTION_SIGNAL comment="" end="2075" id="ms27" motion_signal_type="PATH" start="2073" text="to"/>
<MOTION_SIGNAL comment="" end="2258" id="ms28" motion_signal_type="PATH" start="2256" text="to"/>
<MOTION_SIGNAL comment="" end="2338" id="ms29" motion_signal_type="PATH" start="2336" text="up"/>
<MOTION_SIGNAL comment="" end="2366" id="ms30" motion_signal_type="PATH" start="2364" text="to"/>
<MOTION_SIGNAL comment="" end="944" id="ms19" motion_signal_type="PATH" start="933" text="north–south"/>
<MOTION_SIGNAL comment="" end="952" id="ms20" motion_signal_type="PATH" start="945" text="through"/>
<MOTION_SIGNAL comment="" end="963" id="ms21" motion_signal_type="PATH" start="959" text="from"/>
<QSLINK comment="" fromID="se34" fromText="art" id="qsl0" landmark="se35" relType="IN" toID="se35" toText="displays" trajector="se34" trigger="s27"/>
<QSLINK comment="" fromID="pl20" fromText="corner" id="qsl1" landmark="pl21" relType="TPP" toID="pl21" toText="Hibiya Park" trajector="pl20" trigger=""/>
<QSLINK comment="" fromID="e319" fromText="find" id="qsl2" landmark="pl18" relType="IN" toID="pl18" toText="restaurants" trajector="e319" trigger="s1033"/>
<QSLINK comment="" fromID="se36" fromText="snacks" id="qsl3" landmark="pl17" relType="IN" toID="pl17" toText="place" trajector="se36" trigger=""/>
<QSLINK comment="" fromID="pl3" fromText="mint" id="qsl4" landmark="pl4" relType="IN" toID="pl4" toText="here" trajector="pl3" trigger=""/>
<QSLINK comment="" fromID="pl6" fromText="boutiques" id="qsl5" landmark="pl7" relType="IN" toID="pl7" toText="districts" trajector="pl6" trigger=""/>
<QSLINK comment="" fromID="se32" fromText="windows" id="qsl6" landmark="pl11" relType="TPP" toID="pl11" toText="stores" trajector="se32" trigger=""/>
<QSLINK comment="" fromID="e318" fromText="find" id="qsl7" landmark="pl15" relType="IN" toID="pl15" toText="Downstairs" trajector="e318" trigger=""/>
<QSLINK comment="" fromID="se34" fromText="art" id="qsl8" landmark="se35" relType="IN" toID="se35" toText="displays" trajector="se34" trigger="s27"/>
<QSLINK comment="" fromID="se0" fromText="" id="qsl9" landmark="pl26" relType="IN" toID="pl26" toText="Kabuki-za" trajector="se0" trigger=""/>
<QSLINK comment="" fromID="se0" fromText="" id="qsl10" landmark="pl25" relType="IN" toID="pl25" toText="left" trajector="se0" trigger="s0"/>
<QSLINK comment="" fromID="e16" fromText="built" id="qsl11" landmark="pl27" relType="EC" toID="pl27" toText="site" trajector="e16" trigger="s33"/>
<QSLINK comment="" fromID="pl29" fromText="market" id="qsl12" landmark="pl30" relType="IN" toID="pl30" toText="Asia" trajector="pl29" trigger="s35"/>
<QSLINK comment="" fromID="e0" fromText="business" id="qsl13" landmark="pl31" relType="IN" toID="pl31" toText="here" trajector="e0" trigger=""/>
<QSLINK comment="" fromID="e8" fromText="consumed" id="qsl14" landmark="pl32" relType="IN" toID="pl32" toText="Tokyo" trajector="e8" trigger="s36"/>
<QSLINK comment="" fromID="pl36" fromText="estate" id="qsl15" landmark="pl37" relType="EQ" toID="pl37" toText="garden" trajector="pl36" trigger=""/>
<QSLINK comment="" fromID="pl39" fromText="landing" id="qsl16" landmark="pl44" relType="EQ" toID="pl44" toText="pl39" trajector="pl39" trigger="s38"/>
<OLINK comment="" frame_type="ABSOLUTE" fromID="m23" fromText="walk" id="ol0" landmark="pl23" projective="FALSE" referencePt="SOUTH" relType="SOUTH" toID="pl23" toText="Ginza" trajector="m23" trigger="s30"/>
<OLINK comment="" frame_type="INTRINSIC" fromID="pl25" fromText="left" id="ol1" landmark="se62" projective="FALSE" referencePt="se62" relType="LEFT" toID="se62" toText="you" trajector="pl25" trigger=""/>
<OLINK comment="" frame_type="INTRINSIC" fromID="e16" fromText="built" id="ol2" landmark="pl27" projective="FALSE" referencePt="pl27" relType="TOP" toID="pl27" toText="site" trajector="e16" trigger="s33"/>
<OLINK comment="" frame_type="ABSOLUTE" fromID="pl28" fromText="Tsukiji Central Wholesale         Market" id="ol3" landmark="pl42" projective="FALSE" referencePt="SOUTH" relType="SOUTH" toID="pl42" toText="" trajector="pl28" trigger="s34"/>
<OLINK comment="" frame_type="RELATIVE" fromID="p7" fromText="path" id="ol5" landmark="m27" projective="FALSE" referencePt="se38" relType="LEFT" toID="m27" toText="enter" trajector="p7" trigger="s37"/>
<MOVELINK comment="" fromID="m22" fromText="Running" goal="pl22" goal_reached="YES" id="mvl0" landmark="pl19" midPoint="" motion_signalID="ms19, ms20, ms21" mover="p4" pathID="p0" source="pl20" toID="p4" toText="avenue" trigger="m22"/>
<MOVELINK comment="" fromID="m420" fromText="stroll" goal="" goal_reached="" id="mvl1" landmark="" midPoint="" motion_signalID="ms23" mover="" pathID="p13" source="" toID="m420" toText="stroll" trigger="m420"/>
<MOVELINK comment="" fromID="m23" fromText="walk" goal="pl24" goal_reached="NO" id="mvl2" landmark="" midPoint="" motion_signalID="ms24" mover="se61" pathID="" source="" toID="se61" toText="you" trigger="m23"/>
<MOVELINK comment="" fromID="m25" fromText="Get" goal="pl33" goal_reached="YES" id="mvl3" landmark="" midPoint="" motion_signalID="" mover="" pathID="" source="" toID="m25" toText="Get" trigger=""/>
<MOVELINK comment="" fromID="m26" fromText="walk" goal="pl35" goal_reached="YES" id="mvl4" landmark="" midPoint="" motion_signalID="ms26, ms27" mover="se37" pathID="" source="pl34" toID="se37" toText="you" trigger="m26"/>
<MOVELINK comment="" fromID="m28" fromText="leads" goal="pl39" goal_reached="YES" id="mvl5" landmark="" midPoint="" motion_signalID="ms28" mover="p7" pathID="" source="" toID="p7" toText="path" trigger="m28"/>
<MOVELINK comment="" fromID="m29" fromText="depart" goal="" goal_reached="" id="mvl6" landmark="" midPoint="" motion_signalID="" mover="se40" pathID="" source="pl44" toID="se40" toText="river buses" trigger="m29"/>
<MOVELINK comment="" fromID="m30" fromText="journeys" goal="pl40" goal_reached="YES" id="mvl7" landmark="" midPoint="" motion_signalID="ms29, ms30" mover="se40" pathID="p8" source="" toID="se40" toText="buses" trigger="m30"/>
<METALINK comment="" fromID="p6" fromText="Harumi-dori" id="metal0" objectID1="p6" objectID2="p4" relType="COREFERENCE" toID="p4" toText="avenue"/>
<METALINK comment="" fromID="p13" fromText="avenue" id="metal1" objectID1="p13" objectID2="p4" relType="COREFERENCE" toID="p4" toText="avenue"/>
<METALINK comment="" fromID="pl17" fromText="place" id="metal2" objectID1="pl17" objectID2="pl16" relType="COREFERENCE" toID="pl16" toText="basement"/>
<METALINK comment="" fromID="pl2" fromText="district" id="metal3" objectID1="pl2" objectID2="pl0" relType="COREFERENCE" toID="pl0" toText="Ginza"/>
<METALINK comment="" fromID="pl4" fromText="here" id="metal4" objectID1="pl4" objectID2="pl0" relType="COREFERENCE" toID="pl0" toText="Ginza"/>
<METALINK comment="" fromID="pl5" fromText="Ginza" id="metal5" objectID1="pl5" objectID2="pl0" relType="COREFERENCE" toID="pl0" toText="Ginza"/>
<METALINK comment="" fromID="pl9" fromText="Omote-sando" id="metal6" objectID1="pl9" objectID2="pl7" relType="SUBCOREFERENCE" toID="pl7" toText="districts"/>
<METALINK comment="" fromID="pl8" fromText="Aoyama" id="metal7" objectID1="pl8" objectID2="pl7" relType="SUBCOREFERENCE" toID="pl7" toText="districts"/>
<METALINK comment="" fromID="pl10" fromText="area" id="metal8" objectID1="pl10" objectID2="pl0" relType="COREFERENCE" toID="pl0" toText="Ginza"/>
<METALINK comment="" fromID="pl12" fromText="Wako" id="metal9" objectID1="pl12" objectID2="pl11" relType="SUBCOREFERENCE" toID="pl11" toText="stores"/>
<METALINK comment="" fromID="pl13" fromText="Mitsukoshi" id="metal10" objectID1="pl13" objectID2="pl11" relType="SUBCOREFERENCE" toID="pl11" toText="stores"/>
<METALINK comment="" fromID="pl41" fromText="" id="metal11" objectID1="pl41" objectID2="pl11" relType="COREFERENCE" toID="pl11" toText="stores"/>
<METALINK comment="" fromID="pl23" fromText="Ginza" id="metal12" objectID1="pl23" objectID2="pl0" relType="COREFERENCE" toID="pl0" toText="Ginza"/>
<METALINK comment="" fromID="pl43" fromText="base" id="metal13" objectID1="pl43" objectID2="pl26" relType="COREFERENCE" toID="pl26" toText="Kabuki-za"/>
<METALINK comment="" fromID="pl24" fromText="bay" id="metal14" objectID1="pl24" objectID2="pl22" relType="COREFERENCE" toID="pl22" toText="Tokyo Bay"/>
<METALINK comment="" fromID="pl42" fromText="" id="metal15" objectID1="pl42" objectID2="pl0" relType="COREFERENCE" toID="pl0" toText="Ginza"/>
<METALINK comment="" fromID="pl29" fromText="market" id="metal16" objectID1="pl29" objectID2="pl28" relType="COREFERENCE" toID="pl28" toText="Tsukiji Central Wholesale         Market"/>
<METALINK comment="" fromID="pl31" fromText="here" id="metal17" objectID1="pl31" objectID2="pl28" relType="COREFERENCE" toID="pl28" toText="Tsukiji Central Wholesale         Market"/>
<METALINK comment="" fromID="pl34" fromText="here" id="metal18" objectID1="pl34" objectID2="pl28" relType="COREFERENCE" toID="pl28" toText="Tsukiji Central Wholesale         Market"/>
<METALINK comment="" fromID="pl37" fromText="garden" id="metal19" objectID1="pl37" objectID2="pl35" relType="COREFERENCE" toID="pl35" toText="Hama Rikyu Detached Palace         Garden"/>
<METALINK comment="" fromID="pl32" fromText="Tokyo" id="metal20" objectID1="pl32" objectID2="pl1" relType="COREFERENCE" toID="pl1" toText="Tokyo"/>
</TAGS>
</SpaceEvalTaskv1.2>