<?xml version="1.0" encoding="UTF-8" ?>
<SpaceEvalTaskv1.2>
<TEXT><![CDATA[
        Museo del Prado
        Madrid’s pride, the Prado museum, is indisputably the
        world’s greatest collection of Spanish paintings and one of the world’s
        most prestigious museums. Even apart from its Spanish treasures, it
        deserves high priority on any visitor’s agenda for its hundreds of
        famous foreign works, especially of the Italian and Flemish schools.
        This immense hoard of art works, ranging from the 12th to the 19th
        century, was collected and donated by Spain’s Hapsburg and Bourbon
        kings, private patrons of the arts, and convents and monasteries around
        the country.
        Despite its greatness, the museum came about somewhat by
        chance. More than two centuries ago, Carlos III commissioned the
        architect Juan de Villanueva, draftsman of the royal palace, to design
        this Neo-classical building. It was to have serv­ed as a museum of
        natural history, but after some eventful delays (Napoleon’s invasion
        badly damaged the building), its mission was diverted to art, and the
        royal museum of painting was inaugurated in 1819. In 1868 it became El
        Mu­seo del Prado.
        In the early 1990s, modernization projects, such as
        desperately needed air conditioning and humidity control, caused
        upheaval in the museum. Although these are now completed, further
        renovation and work on an extension are underway. The famed Spanish
        architect Rafael Moneo, a Pritzker prize winner, is set to begin the
        Prado’s long-awaited expansion so that more of its vast collection can
        be exhibited.
        The Prado owns perhaps 10,000 paintings, but at present can
        only display about 10 percent of them (the overflow is either in
        storage or on loan to museums around the world. ) Seeing and
        appreciating even that many great paintings could occupy a serious
        student of art for many weeks. Short-term visitors may have to settle
        for the condensed highlights, perhaps in a hectic couple of hours.
        To take in more Old Masters per mile, it’s vital to plan
        ahead. Decide what you want to see and head for it first, even if it
        demands that you rush past obvious masterworks. Given the usual crowds,
        you’d be wise to rest your feet from time to time, or seek refreshment
        in the basement restaurant.
]]></TEXT>
<TAGS>
<PLACE comment="" continent="" countable="TRUE" country="" ctv="" dcl="FALSE" dimensionality="AREA" domain="" elevation="" end="1054" form="NOM" gazref="" gquant="" id="pl16" latLong="" mod="" scopes="" start="1052" state="" text="it" type=""/>
<PLACE comment="" continent="" countable="TRUE" country="" ctv="" dcl="FALSE" dimensionality="AREA" domain="" elevation="" end="1125" form="NAM" gazref="" gquant="" id="pl17" latLong="" mod="" scopes="" start="1101" state="" text="royal museum of painting" type=""/>
<PLACE comment="" continent="" countable="TRUE" country="" ctv="" dcl="FALSE" dimensionality="AREA" domain="" elevation="" end="1161" form="NOM" gazref="" gquant="" id="pl18" latLong="" mod="" scopes="" start="1159" state="" text="it" type=""/>
<PLACE comment="" continent="" countable="TRUE" country="" ctv="" dcl="FALSE" dimensionality="AREA" domain="" elevation="" end="1196" form="NAM" gazref="" gquant="" id="pl19" latLong="" mod="" scopes="" start="1169" state="" text="El         Mu­seo del Prado" type=""/>
<PLACE comment="" continent="" countable="TRUE" country="" ctv="" dcl="FALSE" dimensionality="AREA" domain="" elevation="" end="1361" form="NOM" gazref="" gquant="" id="pl20" latLong="" mod="" scopes="" start="1355" state="" text="museum" type=""/>
<PLACE comment="" continent="" countable="TRUE" country="" ctv="" dcl="FALSE" dimensionality="AREA" domain="" elevation="" end="1571" form="NAM" gazref="" gquant="" id="pl21" latLong="" mod="" scopes="" start="1566" state="" text="Prado" type=""/>
<PLACE comment="" continent="" countable="TRUE" country="" ctv="" dcl="FALSE" dimensionality="AREA" domain="" elevation="" end="1615" form="NOM" gazref="" gquant="" id="pl22" latLong="" mod="" scopes="" start="1613" state="" text="it" type=""/>
<PLACE comment="" continent="" countable="TRUE" country="" ctv="" dcl="FALSE" dimensionality="AREA" domain="" elevation="" end="1676" form="NAM" gazref="" gquant="" id="pl23" latLong="" mod="" scopes="" start="1671" state="" text="Prado" type=""/>
<PLACE comment="" continent="" countable="FALSE" country="" ctv="" dcl="FALSE" dimensionality="AREA" domain="" elevation="" end="1815" form="NOM" gazref="" gquant="" id="pl24" latLong="" mod="" scopes="" start="1808" state="" text="storage" type=""/>
<PLACE comment="" continent="" countable="TRUE" country="" ctv="" dcl="FALSE" dimensionality="AREA" domain="" elevation="" end="199" form="NOM" gazref="" gquant="" id="pl2" latLong="" mod="" scopes="" start="192" state="" text="museums" type=""/>
<PLACE comment="" continent="" countable="TRUE" country="" ctv="" dcl="FALSE" dimensionality="AREA" domain="" elevation="" end="219" form="NOM" gazref="" gquant="" id="pl3" latLong="" mod="" scopes="" start="217" state="" text="it" type=""/>
<PLACE comment="" continent="" countable="TRUE" country="" ctv="" dcl="FALSE" dimensionality="AREA" domain="" elevation="" end="242" form="NOM" gazref="" gquant="" id="pl4" latLong="" mod="" scopes="" start="240" state="" text="it" type=""/>
<PLACE comment="" continent="" countable="TRUE" country="" ctv="" dcl="FALSE" dimensionality="AREA" domain="" elevation="" end="2432" form="NOM" gazref="" gquant="" id="pl25" latLong="" mod="basement" scopes="" start="2422" state="" text="restaurant" type=""/>
<PLACE comment="" continent="" countable="TRUE" country="" ctv="" dcl="FALSE" dimensionality="AREA" domain="" elevation="" end="304" form="NOM" gazref="" gquant="" id="pl5" latLong="" mod="" scopes="" start="302" state="" text="it" type=""/>
<PLACE comment="" continent="" countable="TRUE" country="" ctv="" dcl="FALSE" dimensionality="AREA" domain="" elevation="" end="39" form="NAM" gazref="" gquant="" id="pl0" latLong="" mod="" scopes="" start="33" state="" text="Madrid" type=""/>
<PLACE comment="" continent="" countable="TRUE" country="" ctv="" dcl="FALSE" dimensionality="AREA" domain="" elevation="" end="521" form="NAM" gazref="" gquant="" id="pl7" latLong="" mod="" scopes="" start="516" state="" text="Spain" type=""/>
<PLACE comment="" continent="" countable="TRUE" country="" ctv="" dcl="FALSE" dimensionality="AREA" domain="" elevation="" end="65" form="NAM" gazref="" gquant="" id="pl1" latLong="" mod="" scopes="" start="53" state="" text="Prado museum" type=""/>
<PLACE comment="" continent="" countable="TRUE" country="" ctv="" dcl="FALSE" dimensionality="AREA" domain="" elevation="" end="601" form="NOM" gazref="" gquant="" id="pl6" latLong="" mod="" scopes="" start="593" state="" text="convents" type=""/>
<PLACE comment="" continent="" countable="TRUE" country="" ctv="" dcl="FALSE" dimensionality="AREA" domain="" elevation="" end="617" form="NOM" gazref="" gquant="" id="pl8" latLong="" mod="" scopes="" start="606" state="" text="monasteries" type=""/>
<PLACE comment="" continent="" countable="TRUE" country="" ctv="" dcl="FALSE" dimensionality="AREA" domain="" elevation="" end="644" form="NOM" gazref="" gquant="" id="pl9" latLong="" mod="" scopes="" start="637" state="" text="country" type=""/>
<PLACE comment="" continent="" countable="TRUE" country="" ctv="" dcl="FALSE" dimensionality="AREA" domain="" elevation="" end="664" form="NOM" gazref="" gquant="" id="pl10" latLong="" mod="" scopes="" start="662" state="" text="it" type=""/>
<PLACE comment="" continent="" countable="TRUE" country="" ctv="" dcl="FALSE" dimensionality="AREA" domain="" elevation="" end="687" form="NOM" gazref="" gquant="" id="pl11" latLong="" mod="" scopes="" start="681" state="" text="museum" type=""/>
<PLACE comment="" continent="" countable="TRUE" country="" ctv="" dcl="FALSE" dimensionality="AREA" domain="" elevation="" end="851" form="NAM" gazref="" gquant="" id="pl12" latLong="" mod="" scopes="" start="839" state="" text="royal palace" type=""/>
<PLACE comment="" continent="" countable="TRUE" country="" ctv="" dcl="FALSE" dimensionality="AREA" domain="" elevation="" end="898" form="NOM" gazref="" gquant="" id="pl15" latLong="" mod="" scopes="" start="890" state="" text="building" type=""/>
<PLACE comment="" continent="" countable="TRUE" country="" ctv="" dcl="FALSE" dimensionality="AREA" domain="" elevation="" end="902" form="NOM" gazref="" gquant="" id="pl13" latLong="" mod="" scopes="" start="900" state="" text="It" type=""/>
<PLACE comment="" continent="" countable="TRUE" country="" ctv="" dcl="FALSE" dimensionality="AREA" domain="" elevation="" end="934" form="NOM" gazref="" gquant="" id="pl14" latLong="" mod="" scopes="" start="928" state="" text="museum" type=""/>
<SPATIAL_ENTITY comment="" countable="TRUE" dcl="FALSE" dimensionality="AREA" domain="" elevation="" end="1049" form="NOM" gquant="" id="se1" latLong="" mod="" scopes="" start="1041" text="building" type=""/>
<SPATIAL_ENTITY comment="" countable="TRUE" dcl="FALSE" dimensionality="AREA" domain="" elevation="" end="1786" form="NOM" gquant="" id="se8" latLong="" mod="" scopes="" start="1778" text="overflow" type=""/>
<SPATIAL_ENTITY comment="" countable="TRUE" dcl="FALSE" dimensionality="POINT" domain="" elevation="" end="2188" form="NOM" gquant="" id="se2" latLong="" mod="" scopes="" start="2184" text="what" type=""/>
<SPATIAL_ENTITY comment="" countable="TRUE" dcl="FALSE" dimensionality="POINT" domain="" elevation="" end="2192" form="NOM" gquant="" id="se3" latLong="" mod="" scopes="" start="2189" text="you" type=""/>
<SPATIAL_ENTITY comment="" countable="TRUE" dcl="FALSE" dimensionality="POINT" domain="" elevation="" end="2220" form="NOM" gquant="" id="se4" latLong="" mod="" scopes="" start="2218" text="it" type=""/>
<SPATIAL_ENTITY comment="" countable="TRUE" dcl="FALSE" dimensionality="POINT" domain="" elevation="" end="2263" form="NOM" gquant="" id="se6" latLong="" mod="" scopes="" start="2260" text="you" type=""/>
<SPATIAL_ENTITY comment="" countable="TRUE" dcl="FALSE" dimensionality="POINT" domain="" elevation="" end="2293" form="NOM" gquant="" id="se5" latLong="" mod="" scopes="" start="2282" text="masterworks" type=""/>
<SPATIAL_ENTITY comment="" countable="TRUE" dcl="FALSE" dimensionality="POINT" domain="" elevation="" end="2330" form="NOM" gquant="" id="se7" latLong="" mod="" scopes="" start="2327" text="you" type=""/>
<NONMOTION_EVENT comment="" countable="FALSE" domain="" elevation="" end="1347" gquant="" id="e0" latLong="" mod="" scopes="" start="1339" text="upheaval"/>
<NONMOTION_EVENT comment="" countable="FALSE" domain="" elevation="" end="2397" gquant="" id="e1" latLong="" mod="" scopes="" start="2386" text="refreshment"/>
<MOTION comment="" countable="TRUE" domain="" elevation="" end="1596" gquant="" id="m0" latLong="" mod="" motion_class="MOVE" motion_sense="INTRINSIC_CHANGE" motion_type="MANNER" scopes="" start="1587" text="expansion"/>
<MOTION comment="" countable="" domain="" elevation="" end="2213" gquant="" id="m1" latLong="" mod="" motion_class="HIT" motion_sense="LITERAL" motion_type="PATH" scopes="" start="2209" text="head"/>
<MOTION comment="" countable="" domain="" elevation="" end="2268" gquant="" id="m2" latLong="" mod="" motion_class="MOVE_EXTERNAL" motion_sense="LITERAL" motion_type="COMPOUND" scopes="" start="2264" text="rush"/>
<SPATIAL_SIGNAL cluster="" comment="" end="1350" id="s1" semantic_type="TOPOLOGICAL" start="1348" text="in"/>
<SPATIAL_SIGNAL cluster="" comment="" end="1799" id="s2" semantic_type="TOPOLOGICAL" start="1797" text="in"/>
<SPATIAL_SIGNAL cluster="" comment="" end="2408" id="s3" semantic_type="TOPOLOGICAL" start="2406" text="in"/>
<SPATIAL_SIGNAL cluster="" comment="" end="624" id="s0" semantic_type="TOPOLOGICAL" start="618" text="around"/>
<MOTION_SIGNAL comment="" end="2217" id="ms0" motion_signal_type="PATH" start="2214" text="for"/>
<MOTION_SIGNAL comment="" end="2273" id="ms1" motion_signal_type="PATH" start="2269" text="past"/>
<QSLINK comment="" fromID="pl6" fromText="convents" id="qsl0" landmark="pl9" relType="IN" toID="pl9" toText="country" trajector="pl6" trigger="s0"/>
<QSLINK comment="" fromID="pl8" fromText="monasteries" id="qsl1" landmark="pl9" relType="IN" toID="pl9" toText="country" trajector="pl8" trigger="s0"/>
<QSLINK comment="" fromID="e0" fromText="upheaval" id="qsl2" landmark="pl20" relType="EQ" toID="pl20" toText="museum" trajector="e0" trigger="s1"/>
<QSLINK comment="" fromID="se8" fromText="overflow" id="qsl3" landmark="pl24" relType="IN" toID="pl24" toText="storage" trajector="se8" trigger="s2"/>
<QSLINK comment="" fromID="e1" fromText="refreshment" id="qsl4" landmark="pl25" relType="IN" toID="pl25" toText="restaurant" trajector="e1" trigger="s3"/>
<MOVELINK comment="" fromID="m0" fromText="expansion" goal="" goal_reached="" id="mvl0" landmark="" midPoint="" motion_signalID="" mover="pl21" pathID="" source="" toID="pl21" toText="Prado" trigger="m0"/>
<MOVELINK comment="" fromID="m1" fromText="head" goal="se4" goal_reached="YES" id="mvl1" landmark="" midPoint="" motion_signalID="ms0" mover="se3" pathID="" source="" toID="se3" toText="you" trigger="m1"/>
<MOVELINK comment="" fromID="m2" fromText="rush" goal="" goal_reached="" id="mvl2" landmark="se5" midPoint="" motion_signalID="ms1" mover="se6" pathID="" source="" toID="se6" toText="you" trigger="m2"/>
<METALINK comment="" fromID="pl21" fromText="Prado" id="metal0" objectID1="pl21" objectID2="pl1" relType="COREFERENCE" toID="pl1" toText="Prado museum"/>
<METALINK comment="" fromID="pl23" fromText="Prado" id="metal1" objectID1="pl23" objectID2="pl1" relType="COREFERENCE" toID="pl1" toText="Prado museum"/>
<METALINK comment="" fromID="pl1" fromText="Prado museum" id="metal2" objectID1="pl1" objectID2="pl2" relType="SUBCOREFERENCE" toID="pl2" toText="museums"/>
<METALINK comment="" fromID="pl3" fromText="it" id="metal3" objectID1="pl3" objectID2="pl1" relType="COREFERENCE" toID="pl1" toText="Prado museum"/>
<METALINK comment="" fromID="pl4" fromText="it" id="metal4" objectID1="pl4" objectID2="pl1" relType="COREFERENCE" toID="pl1" toText="Prado museum"/>
<METALINK comment="" fromID="pl5" fromText="it" id="metal5" objectID1="pl5" objectID2="pl1" relType="COREFERENCE" toID="pl1" toText="Prado museum"/>
<METALINK comment="" fromID="pl9" fromText="country" id="metal6" objectID1="pl9" objectID2="pl7" relType="COREFERENCE" toID="pl7" toText="Spain"/>
<METALINK comment="" fromID="pl10" fromText="it" id="metal7" objectID1="pl10" objectID2="pl1" relType="COREFERENCE" toID="pl1" toText="Prado museum"/>
<METALINK comment="" fromID="pl11" fromText="museum" id="metal8" objectID1="pl11" objectID2="pl1" relType="COREFERENCE" toID="pl1" toText="Prado museum"/>
<METALINK comment="" fromID="pl15" fromText="building" id="metal9" objectID1="pl15" objectID2="pl1" relType="COREFERENCE" toID="pl1" toText="Prado museum"/>
<METALINK comment="" fromID="pl13" fromText="It" id="metal10" objectID1="pl13" objectID2="pl1" relType="COREFERENCE" toID="pl1" toText="Prado museum"/>
<METALINK comment="" fromID="pl14" fromText="museum" id="metal11" objectID1="pl14" objectID2="pl1" relType="COREFERENCE" toID="pl1" toText="Prado museum"/>
<METALINK comment="" fromID="pl16" fromText="it" id="metal12" objectID1="pl16" objectID2="pl1" relType="COREFERENCE" toID="pl1" toText="Prado museum"/>
<METALINK comment="" fromID="pl17" fromText="royal museum of painting" id="metal13" objectID1="pl17" objectID2="pl1" relType="COREFERENCE" toID="pl1" toText="Prado museum"/>
<METALINK comment="" fromID="pl18" fromText="it" id="metal14" objectID1="pl18" objectID2="pl1" relType="COREFERENCE" toID="pl1" toText="Prado museum"/>
<METALINK comment="" fromID="pl19" fromText="El         Mu­seo del Prado" id="metal15" objectID1="pl19" objectID2="pl1" relType="COREFERENCE" toID="pl1" toText="Prado museum"/>
<METALINK comment="" fromID="pl20" fromText="museum" id="metal16" objectID1="pl20" objectID2="pl1" relType="COREFERENCE" toID="pl1" toText="Prado museum"/>
<METALINK comment="" fromID="se1" fromText="building" id="metal17" objectID1="se1" objectID2="pl1" relType="COREFERENCE" toID="pl1" toText="Prado museum"/>
<METALINK comment="" fromID="se6" fromText="you" id="metal18" objectID1="se6" objectID2="se3" relType="COREFERENCE" toID="se3" toText="you"/>
<METALINK comment="" fromID="se7" fromText="you" id="metal19" objectID1="se7" objectID2="se3" relType="COREFERENCE" toID="se3" toText="you"/>
<METALINK comment="" fromID="se4" fromText="it" id="metal20" objectID1="se4" objectID2="se2" relType="COREFERENCE" toID="se2" toText="what"/>
</TAGS>
</SpaceEvalTaskv1.2>